"","Policy_Dim_Key","adj_payroll","total_claims","claim_filed","years_with_policy"
"1","3054080",37163.12366,0,0,3
"2","3054080",37690.35253,0,0,3
"3","3054080",52557.43334,0,0,3
"4","3117613",109973.2595,0,0,4
"5","3117613",118264.3106,0,0,4
"6","3117613",121784.2487,0,0,4
"7","3117613",131120.5676,0,0,4
"8","3358765",74362.37291,0,0,1
"9","3370518",515107.159,1,1,5
"10","3370518",518819.0144,1,1,5
"11","3370518",522046.8759,1,1,5
"12","3370518",681691.7539,1,1,5
"13","3370518",808177,1,1,5
"14","3370518",814333.9348,2,1,5
"15","3370518",932207.0803,1,1,5
"16","3372850",16829.00306,1,1,3
"17","3372850",52978.68018,0,0,3
"18","3372850",124073.0252,0,0,3
"19","3373049",32889.10094,0,0,3
"20","3373049",41410.33779,0,0,3
"21","3373049",41997.90755,0,0,3
"22","3373154",71254.65935,0,0,4
"23","3373154",181389.7056,1,1,4
"24","3373154",562581.47,0,0,4
"25","3373154",828400,1,1,4
"26","3373154",834249.6638,1,1,4
"27","3373385",111901.4797,1,1,6
"28","3373385",129737.3711,0,0,6
"29","3373385",135975.2181,0,0,6
"30","3373385",153378.3673,0,0,6
"31","3373385",179443.7712,0,0,6
"32","3373385",292000,1,1,6
"33","3403168",19038.8732,0,0,4
"34","3403168",26011.19867,0,0,4
"35","3403168",27646.88301,0,0,4
"36","3403168",35608.8895,0,0,4
"37","3411485",24071.35134,0,0,5
"38","3411485",29730.49892,0,0,5
"39","3411485",30483.885,0,0,5
"40","3411485",37135.56408,0,0,5
"41","3411485",53329.24017,0,0,5
"42","3419957",68357.93273,0,0,1
"43","3420567",61142.14978,0,0,1
"44","3423203",75394.77875,0,0,1
"45","3432162",45176.55143,0,0,3
"46","3432162",50091.47933,0,0,3
"47","3432162",105967.9236,0,0,3
"48","3433596",15606.7192,0,0,2
"49","3433596",16021.43553,0,0,2
"50","3435343",20114.76509,0,0,3
"51","3435343",22008.51188,0,0,3
"52","3435343",22614.41257,0,0,3
"53","3451538",27210.47828,0,0,1
"54","3460962",81023.2503,0,0,5
"55","3460962",89515.76931,0,0,5
"56","3460962",115308.0485,0,0,5
"57","3460962",145437.4866,0,0,5
"58","3460962",159160.759,0,0,5
"59","3465824",328087.0327,0,0,2
"60","3465824",415497.6099,0,0,2
"61","3466166",43343.95567,0,0,3
"62","3466166",46929.80386,0,0,3
"63","3466166",54859.84921,0,0,3
"64","3475620",39773.25015,0,0,4
"65","3475620",72200.49524,0,0,4
"66","3475620",163706.191,0,0,4
"67","3475620",175453.0313,0,0,4
"68","3476497",51676.78996,0,0,4
"69","3476497",54759.27359,0,0,4
"70","3476497",56266.62075,0,0,4
"71","3476497",60799.79361,0,0,4
"72","3476612",40764.44897,0,0,5
"73","3476612",51649.14681,0,0,5
"74","3476612",65531.53841,0,0,5
"75","3476612",97796.39455,0,0,5
"76","3476612",122607.3902,1,1,5
"77","3490924",66130.62304,0,0,5
"78","3490924",67787.25868,0,0,5
"79","3490924",130518.4147,0,0,5
"80","3490924",131398.1521,0,0,5
"81","3490924",144286.2764,0,0,5
"82","3496653",41446.21996,0,0,3
"83","3496653",80203.61199,0,0,3
"84","3496653",81841.53496,0,0,3
"85","3496826",16230.98797,0,0,2
"86","3496826",16612.35228,0,0,2
"87","3500299",120608.5706,0,0,2
"88","3500299",162531.0377,0,0,2
"89","3501788",12922.66508,0,0,3
"90","3501788",91731.4775,0,0,3
"91","3501788",142512.5003,0,0,3
"92","3502396",83964.65193,0,0,3
"93","3502396",87290.99822,0,0,3
"94","3502396",89988.61884,0,0,3
"95","3505469",137322.3377,0,0,6
"96","3505469",146154.9701,0,0,6
"97","3505469",190279.5656,0,0,6
"98","3505469",222245.097,0,0,6
"99","3505469",225081.8311,0,0,6
"100","3505469",243443.709,0,0,6
"101","3506826",190532.9274,0,0,3
"102","3506826",373611.2866,0,0,3
"103","3506826",380253.902,0,0,3
"104","3507266",53536.4419,0,0,5
"105","3507266",63274.2679,0,0,5
"106","3507266",66390.63164,0,0,5
"107","3507266",86479.82735,0,0,5
"108","3507266",96226.73467,0,0,5
"109","3508453",106223.6942,0,0,6
"110","3508453",122535.6903,0,0,6
"111","3508453",196752.9521,0,0,6
"112","3508453",224887.2603,0,0,6
"113","3508453",311236.6723,0,0,6
"114","3508453",486741.9794,1,1,6
"115","3508776",47860.60555,0,0,2
"116","3508776",52375.75051,1,1,2
"117","3515226",143399.8639,0,0,1
"118","3521177",333828.9803,0,0,2
"119","3521177",345036.9052,0,0,2
"120","3530154",25543.61174,0,0,6
"121","3530154",28433.57654,0,0,6
"122","3530154",34585.94235,0,0,6
"123","3530154",96211.7817,0,0,6
"124","3530154",100766.6297,0,0,6
"125","3530154",189085.1524,0,0,6
"126","3534172",62297.56129,0,0,4
"127","3534172",109815.1681,0,0,4
"128","3534172",111993.7928,1,1,4
"129","3534172",112202.7917,2,1,4
"130","3534172",133707.6621,1,1,4
"131","3534172",160616.0103,0,0,4
"132","3537607",9064.297797,0,0,6
"133","3537607",16305.33705,0,0,6
"134","3537607",28981.01804,0,0,6
"135","3537607",32449.0559,0,0,6
"136","3537607",48252.6584,0,0,6
"137","3537607",51294.85667,0,0,6
"138","3545803",109064.0764,0,0,1
"139","3553209",102822.0109,0,0,3
"140","3553209",164277.8208,0,0,3
"141","3553209",194117.429,0,0,3
"142","3553209",204339.9531,1,1,3
"143","3553395",24587.74525,0,0,4
"144","3553395",26353.24556,0,0,4
"145","3553395",26525.40292,0,0,4
"146","3553395",51353.19438,0,0,4
"147","3553445",75294.25238,0,0,2
"148","3553445",124243.3241,0,0,2
"149","3557981",215329.136,1,1,3
"150","3557981",220078.5307,0,0,3
"151","3557981",221311.7341,1,1,3
"152","3557981",440478.4133,0,0,3
"153","3558058",95501.05835,0,0,4
"154","3558058",95532.56695,0,0,4
"155","3558058",98199.88394,0,0,4
"156","3558058",133031.2617,0,0,4
"157","3558082",64105.99943,0,0,5
"158","3558082",66896,1,1,5
"159","3558082",68215.18529,0,0,5
"160","3558082",69336.24463,0,0,5
"161","3558082",77767.39614,0,0,5
"162","3558082",132928.3432,0,0,5
"163","3560734",67401.44166,0,0,5
"164","3560734",74517.28391,0,0,5
"165","3560734",95621.74398,0,0,5
"166","3560734",96135.62993,0,0,5
"167","3560734",105398.8849,0,0,5
"168","3561828",102905.744,0,0,6
"169","3561828",169271.7056,0,0,6
"170","3561828",213055.2193,0,0,6
"171","3561828",235325.9949,1,1,6
"172","3561828",266823.1273,0,0,6
"173","3561828",287114.4513,1,1,6
"174","3566404",85400.36225,0,0,3
"175","3566404",187089.6303,0,0,3
"176","3566404",191995.6226,0,0,3
"177","3571939",62133.3398,0,0,1
"178","3571980",32996.77624,0,0,1
"179","3573371",214431.7981,0,0,1
"180","3577008",277885.0731,0,0,6
"181","3577008",309420.8125,0,0,6
"182","3577008",353746.8348,1,1,6
"183","3577008",354033.6997,1,1,6
"184","3577008",357015.9241,1,1,6
"185","3577008",374605.3123,0,0,6
"186","3577008",379917.3059,0,0,6
"187","3581271",62449.15216,0,0,6
"188","3581271",139125.2131,1,1,6
"189","3581271",208068.5139,1,1,6
"190","3581271",220152.754,0,0,6
"191","3581271",292380.683,0,0,6
"192","3581271",350948.7784,0,0,6
"193","3583489",57197.21351,0,0,6
"194","3583489",90290.14004,0,0,6
"195","3583489",92546.06976,0,0,6
"196","3583489",141483.2906,0,0,6
"197","3583489",189790.9697,0,0,6
"198","3583489",192482.8701,0,0,6
"199","3586070",146991.9254,0,0,6
"200","3586070",224015.1486,0,0,6
"201","3586070",232675.5216,0,0,6
"202","3586070",279591.54,0,0,6
"203","3586070",309405.0922,0,0,6
"204","3586070",311631.7522,0,0,6
"205","3586143",244214.8126,0,0,3
"206","3586143",247678.885,0,0,3
"207","3586143",269299.2954,0,0,3
"208","3586467",65372.21713,0,0,2
"209","3586467",66970.6688,0,0,2
"210","3586910",108519.6674,0,0,4
"211","3586910",148595.0444,0,0,4
"212","3586910",149315.8409,0,0,4
"213","3586910",155127.52,0,0,4
"214","3589525",150656.648,0,0,3
"215","3589525",281051.701,0,0,3
"216","3589525",313023.0372,0,0,3
"217","3591062",70942.55639,0,0,5
"218","3591062",87852.13446,0,0,5
"219","3591062",92284.21445,0,0,5
"220","3591062",113852.0121,0,0,5
"221","3591062",115831.846,0,0,5
"222","3592905",85023.27672,0,0,4
"223","3592905",86229.51109,0,0,4
"224","3592905",89511.52036,0,0,4
"225","3592905",91217.94555,0,0,4
"226","3592905",125644.8305,1,1,4
"227","3592948",21489.82043,0,0,6
"228","3592948",21916.07258,0,0,6
"229","3592948",22181.78059,0,0,6
"230","3592948",23162.38671,0,0,6
"231","3592948",23467.39693,0,0,6
"232","3592948",23800.62376,0,0,6
"233","3593698",71812.79933,0,0,2
"234","3593698",74912.25217,0,0,2
"235","3594070",332673.8188,0,0,6
"236","3594070",337392.6402,0,0,6
"237","3594070",359955.8324,1,1,6
"238","3594070",457511.8688,1,1,6
"239","3594070",519800.9073,1,1,6
"240","3594070",521117.4427,1,1,6
"241","3594070",535480.5217,1,1,6
"242","3595452",205064.2829,0,0,6
"243","3595452",208602.8386,1,1,6
"244","3595452",221727.3729,0,0,6
"245","3595452",223817.1057,0,0,6
"246","3595452",241043.1392,0,0,6
"247","3595452",258339.3643,0,0,6
"248","3596154",24817.47755,0,0,3
"249","3596154",30960.11195,0,0,3
"250","3596154",143558.3789,0,0,3
"251","3596479",238880.817,0,0,2
"252","3596479",273500.0722,0,0,2
"253","3598776",138535.0971,0,0,2
"254","3598776",140634.3834,0,0,2
"255","3599037",69463.4949,0,0,4
"256","3599037",70260.48725,0,0,4
"257","3599037",79200.25004,0,0,4
"258","3599037",110579.0088,0,0,4
"259","3599745",94884.07239,1,1,5
"260","3599745",155782.6303,0,0,5
"261","3599745",201902.1912,0,0,5
"262","3599745",276565.2484,0,0,5
"263","3599745",384997.6503,0,0,5
"264","3602185",177477.2987,0,0,1
"265","3602523",132832.5317,0,0,1
"266","3605786",8535.464149,0,0,1
"267","3606057",56946.85701,0,0,3
"268","3606057",67487,1,1,3
"269","3606057",68336.42937,0,0,3
"270","3606057",70216.66535,0,0,3
"271","3606524",71484.42184,0,0,5
"272","3606524",87120.28495,1,1,5
"273","3606524",98473.81403,0,0,5
"274","3606524",99870.93972,0,0,5
"275","3606524",105647.1451,0,0,5
"276","3606524",142636.6406,0,0,5
"277","3606902",281473.8407,0,0,1
"278","3606964",57611.99594,0,0,3
"279","3606964",61553.828,0,0,3
"280","3606964",62426.87681,0,0,3
"281","3607183",89920.90963,0,0,4
"282","3607183",91146.30302,0,0,4
"283","3607183",91196.51911,0,0,4
"284","3607183",133707.129,0,0,4
"285","3607183",308718.7254,1,1,4
"286","3607328",51601.45782,0,0,4
"287","3607328",97685.92504,0,0,4
"288","3607328",99071.75507,0,0,4
"289","3607328",104802.4375,0,0,4
"290","3607337",93582.34343,0,0,6
"291","3607337",149628.7368,0,0,6
"292","3607337",221800.3846,0,0,6
"293","3607337",222004.0514,0,0,6
"294","3607337",224039.5196,0,0,6
"295","3607337",224443.2195,0,0,6
"296","3607703",11589.05354,0,0,4
"297","3607703",16973.07482,0,0,4
"298","3607703",25753.09574,0,0,4
"299","3607703",44231.60353,0,0,4
"300","3608384",273920.0476,0,0,6
"301","3608384",311143.196,1,1,6
"302","3608384",313926.9666,1,1,6
"303","3608384",444413.0508,1,1,6
"304","3608384",450961.3181,1,1,6
"305","3608384",530005.1893,0,0,6
"306","3608384",573665.2626,0,0,6
"307","3608495",549898.1279,0,0,4
"308","3608495",845100,1,1,4
"309","3608495",877584.92,1,1,4
"310","3608495",878816.8152,1,1,4
"311","3608495",998813.449,0,0,4
"312","3608720",53706.21406,0,0,1
"313","3608930",71629.56241,0,0,6
"314","3608930",126029.6164,0,0,6
"315","3608930",172806.6431,0,0,6
"316","3608930",213848.9014,1,1,6
"317","3608930",225035.3198,0,0,6
"318","3608930",264162.7944,1,1,6
"319","3608930",265272.8304,1,1,6
"320","3608930",266756.6457,1,1,6
"321","3609169",39484.74826,0,0,2
"322","3609169",42318.25675,0,0,2
"323","3609345",46673.19008,0,0,2
"324","3609345",1085684.814,0,0,2
"325","3609789",44751.67783,0,0,6
"326","3609789",138049.3752,0,0,6
"327","3609789",186850.2432,0,0,6
"328","3609789",225697.3693,0,0,6
"329","3609789",228898.5483,0,0,6
"330","3609789",235805.4844,0,0,6
"331","3611169",106440.7234,0,0,6
"332","3611169",221458.3443,0,0,6
"333","3611169",221628.2295,0,0,6
"334","3611169",253946.4728,0,0,6
"335","3611169",256161.3003,0,0,6
"336","3611169",274543.6093,0,0,6
"337","3611172",203430.1075,0,0,5
"338","3611172",240545.2408,0,0,5
"339","3611172",299235.558,1,1,5
"340","3611172",536788.3643,0,0,5
"341","3611172",543015.3124,0,0,5
"342","3611172",553245.3155,2,1,5
"343","3611172",681673.8304,0,0,5
"344","3611207",349960.3339,0,0,6
"345","3611207",402796.2788,0,0,6
"346","3611207",441595.9688,0,0,6
"347","3611207",541114.8793,1,1,6
"348","3611207",727896.9468,1,1,6
"349","3611207",733421.2584,1,1,6
"350","3611207",758761.0944,1,1,6
"351","3611357",21285.31372,0,0,2
"352","3611357",73045.47744,0,0,2
"353","3611462",6216.210583,0,0,5
"354","3611462",40240.09724,0,0,5
"355","3611462",47414.71877,0,0,5
"356","3611462",72814.26679,0,0,5
"357","3611462",73162.87996,0,0,5
"358","3611858",191142.6138,0,0,5
"359","3611858",245433.652,1,1,5
"360","3611858",247767.2268,1,1,5
"361","3611858",248424.8786,1,1,5
"362","3611858",370319.04,1,1,5
"363","3611858",406229.1182,1,1,5
"364","3611858",476028.5806,0,0,5
"365","3611858",527086.9088,0,0,5
"366","3612193",80626.97058,0,0,4
"367","3612193",82361.37606,0,0,4
"368","3612193",82819.07821,0,0,4
"369","3612193",184530.8714,1,1,4
"370","3612193",195487.6034,0,0,4
"371","3612283",429953.4389,0,0,4
"372","3612283",437721.1288,1,1,4
"373","3612283",448272.2229,0,0,4
"374","3612283",474302.6035,0,0,4
"375","3612283",586221.8664,0,0,4
"376","3613423",143183.1663,0,0,5
"377","3613423",240250.1234,0,0,5
"378","3613423",280284.6137,0,0,5
"379","3613423",314350.7192,0,0,5
"380","3613423",487665.3318,0,0,5
"381","3613425",20436.47531,0,0,3
"382","3613425",35331.89727,0,0,3
"383","3613425",97220.0593,0,0,3
"384","3615120",101261.271,1,1,4
"385","3615120",102027.5217,0,0,4
"386","3615120",102322.8118,0,0,4
"387","3615120",103474.8101,0,0,4
"388","3615120",154416.0416,0,0,4
"389","3615693",38169.36002,0,0,6
"390","3615693",45378.59829,0,0,6
"391","3615693",45477.38072,0,0,6
"392","3615693",65645.10577,0,0,6
"393","3615693",66576.60543,0,0,6
"394","3615693",67060.98371,0,0,6
"395","3615934",701778.5843,1,1,3
"396","3615934",708479.3173,1,1,3
"397","3615934",738645.936,0,0,3
"398","3615934",741281.7643,1,1,3
"399","3615934",748622.3402,1,1,3
"400","3615934",824316.2477,0,0,3
"401","3616478",42762.71437,0,0,5
"402","3616478",56226.3258,0,0,5
"403","3616478",98692.0172,1,1,5
"404","3616478",101963.8988,0,0,5
"405","3616478",105744.0492,0,0,5
"406","3616478",106916.3027,0,0,5
"407","3617009",191881.748,0,0,4
"408","3617009",194602.9713,0,0,4
"409","3617009",212818.1177,0,0,4
"410","3617009",238494.1417,0,0,4
"411","3617042",81985.4088,1,1,6
"412","3617042",113501.0795,0,0,6
"413","3617042",200278.4632,0,0,6
"414","3617042",249429.8013,0,0,6
"415","3617042",256293.9951,0,0,6
"416","3617042",379887.6567,0,0,6
"417","3617173",33173.70265,0,0,4
"418","3617173",52620.25584,0,0,4
"419","3617173",82149.73885,0,0,4
"420","3617173",84794.28601,0,0,4
"421","3617323",118547.2772,0,0,4
"422","3617323",121809.8151,0,0,4
"423","3617323",147777.2637,0,0,4
"424","3617323",168503.6042,0,0,4
"425","3617796",93988.73704,0,0,5
"426","3617796",120004.1058,0,0,5
"427","3617796",185739.3309,1,1,5
"428","3617796",264503.9802,0,0,5
"429","3617796",268255.6281,0,0,5
"430","3617796",270208.9805,0,0,5
"431","3618614",40521.86246,0,0,4
"432","3618614",41024.18815,0,0,4
"433","3618614",41054.35148,0,0,4
"434","3618614",66246.87893,0,0,4
"435","3619929",135263.4917,0,0,6
"436","3619929",136526.9759,1,1,6
"437","3619929",187148.3888,0,0,6
"438","3619929",254764.2453,0,0,6
"439","3619929",306039.4774,0,0,6
"440","3619929",363772.7706,0,0,6
"441","3620149",51450.40228,0,0,2
"442","3620149",55595.41745,0,0,2
"443","3620239",101746.3984,0,0,2
"444","3620239",386813.0318,1,1,2
"445","3620239",481135.299,0,0,2
"446","3621130",164683.9043,0,0,6
"447","3621130",185519.7603,0,0,6
"448","3621130",236588.8161,0,0,6
"449","3621130",258524.5108,1,1,6
"450","3621130",263751.9976,0,0,6
"451","3621130",267492.6329,0,0,6
"452","3621130",357012.825,0,0,6
"453","3621203",154006.4014,0,0,1
"454","3621879",89498.13755,0,0,3
"455","3621879",97685.92504,0,0,3
"456","3621879",99071.75507,0,0,3
"457","3622048",35237.9818,0,0,6
"458","3622048",62122.31708,0,0,6
"459","3622048",108776.2495,0,0,6
"460","3622048",110772.2046,0,0,6
"461","3622048",112858.6009,0,0,6
"462","3622048",119440.0737,0,0,6
"463","3622048",137838.745,0,0,6
"464","3622411",237958.7785,1,1,5
"465","3622411",244887.2677,0,0,5
"466","3622411",253888.4245,0,0,5
"467","3622411",262451.16,0,0,5
"468","3622411",304850.3782,0,0,5
"469","3622443",1796838.286,1,1,6
"470","3622443",1802384.438,1,1,6
"471","3622443",2516247.317,1,1,6
"472","3622443",2516555.011,1,1,6
"473","3622443",2888499.354,1,1,6
"474","3622443",2915177.675,1,1,6
"475","3622443",2934716.059,1,1,6
"476","3622443",2939076.455,1,1,6
"477","3622443",2990005.299,1,1,6
"478","3622443",2990310.678,1,1,6
"479","3622443",2994512.969,1,1,6
"480","3622443",3012006.479,1,1,6
"481","3622443",3013179.033,1,1,6
"482","3622443",3190428.241,1,1,6
"483","3622443",3208360.651,2,1,6
"484","3622443",3561185.158,1,1,6
"485","3622443",3748829.452,0,0,6
"486","3622551",159613.0643,0,0,3
"487","3622551",162813.5168,0,0,3
"488","3622551",181849.5,0,0,3
"489","3623405",139607.711,1,1,3
"490","3623405",264375.5078,0,0,3
"491","3623405",373767.3159,1,1,3
"492","3623405",437769.5906,1,1,3
"493","3623405",452282.2198,0,0,3
"494","3626634",3076245.573,2,1,6
"495","3626634",3081576.37,1,1,6
"496","3626634",3083122.626,2,1,6
"497","3626634",3091088.017,1,1,6
"498","3626634",3513914.306,1,1,6
"499","3626634",3517738.65,3,1,6
"500","3626634",3522222.067,3,1,6
"501","3626634",3531762.02,1,1,6
"502","3626634",3534970.434,1,1,6
"503","3626634",3541860.493,1,1,6
"504","3626634",4407598.549,1,1,6
"505","3626634",4413785.642,1,1,6
"506","3626634",4454551.581,1,1,6
"507","3626634",4484407.305,1,1,6
"508","3626634",5005534.92,1,1,6
"509","3626634",5054675,1,1,6
"510","3626634",5080347.816,2,1,6
"511","3626634",5089467.776,1,1,6
"512","3626634",5093183.031,2,1,6
"513","3626634",5103764.487,2,1,6
"514","3626634",8027115.923,1,1,6
"515","3627117",266582.8468,1,1,5
"516","3627117",313605.2315,1,1,5
"517","3627117",314305.9763,1,1,5
"518","3627117",326150.2928,0,0,5
"519","3627117",456050.8393,1,1,5
"520","3627117",457462.4452,1,1,5
"521","3627117",504390.0646,0,0,5
"522","3627117",513874.5421,2,1,5
"523","3627435",1201499.541,1,1,6
"524","3627435",1213048.954,1,1,6
"525","3627435",1216189.929,1,1,6
"526","3627435",1353204.589,0,0,6
"527","3627435",1356785.479,1,1,6
"528","3627435",1357931.25,1,1,6
"529","3627435",1358025.374,1,1,6
"530","3627435",1358191.437,2,1,6
"531","3627435",1364517.041,1,1,6
"532","3627435",1366078.726,3,1,6
"533","3627435",1371264.148,1,1,6
"534","3627435",1372022.451,1,1,6
"535","3627435",1505319.665,1,1,6
"536","3627435",1518589.524,1,1,6
"537","3627435",1518663.976,1,1,6
"538","3627435",1551801.996,1,1,6
"539","3627435",1553155.795,2,1,6
"540","3627435",1554594.189,1,1,6
"541","3627435",1567168.784,1,1,6
"542","3627763",3196619.918,1,1,6
"543","3627763",3206486.66,1,1,6
"544","3627763",3536337.727,1,1,6
"545","3627763",3543761.697,1,1,6
"546","3627763",3544698.502,2,1,6
"547","3627763",3551185.668,1,1,6
"548","3627763",3554299.333,1,1,6
"549","3627763",3557528.221,2,1,6
"550","3627763",5353537.261,5,1,6
"551","3627763",5354084.036,2,1,6
"552","3627763",5358698.937,3,1,6
"553","3627763",5359486.414,2,1,6
"554","3627763",5361608.144,1,1,6
"555","3627763",5377137.765,2,1,6
"556","3627763",5395029.312,1,1,6
"557","3627763",5415152.552,3,1,6
"558","3627763",5426482.294,1,1,6
"559","3627763",6612024.337,1,1,6
"560","3627763",6632490.417,3,1,6
"561","3627763",6641800.665,2,1,6
"562","3627763",6659430.083,3,1,6
"563","3627763",6671579.93,2,1,6
"564","3627763",6671797.798,7,1,6
"565","3627763",6683780.06,2,1,6
"566","3627763",6684248.476,1,1,6
"567","3627763",6692686.688,1,1,6
"568","3627763",6697475.026,1,1,6
"569","3627763",6703144.66,1,1,6
"570","3627763",6720691.116,2,1,6
"571","3627763",6729234.934,1,1,6
"572","3627763",6742423.962,1,1,6
"573","3627763",6754931.801,2,1,6
"574","3627763",6758097.392,1,1,6
"575","3627763",6760824.837,1,1,6
"576","3627763",6767057.881,3,1,6
"577","3627763",6767086.106,1,1,6
"578","3627763",6773092.697,2,1,6
"579","3627763",7363650,1,1,6
"580","3627763",7379160.056,2,1,6
"581","3627763",7401091.215,2,1,6
"582","3627763",7435163.56,1,1,6
"583","3628583",27068401.35,0,0,3
"584","3628583",30572643,1,1,3
"585","3628583",30637038.16,3,1,3
"586","3628583",30728092.66,1,1,3
"587","3628583",30732601.53,4,1,3
"588","3628583",30788528.66,1,1,3
"589","3628583",30805554.57,4,1,3
"590","3628583",30829829.71,6,1,3
"591","3628583",30851887.17,5,1,3
"592","3628583",30869555.34,4,1,3
"593","3628583",30999272,6,1,3
"594","3628583",31116561.53,2,1,3
"595","3628583",31143707.77,4,1,3
"596","3628583",31160803.44,2,1,3
"597","3628583",31172420.26,3,1,3
"598","3628583",31172550.28,2,1,3
"599","3628583",31196170.96,3,1,3
"600","3628583",31200219.61,3,1,3
"601","3628583",31327726.53,5,1,3
"602","3628829",1259604.17,3,1,5
"603","3628829",1266955.757,1,1,5
"604","3628829",1422299.15,1,1,5
"605","3628829",1432041.129,1,1,5
"606","3628829",1436503.128,1,1,5
"607","3628829",1439508.622,2,1,5
"608","3628829",2168538.505,1,1,5
"609","3628829",2178304.215,2,1,5
"610","3628829",2184086.116,1,1,5
"611","3628829",2188142.342,3,1,5
"612","3628829",2198423.139,2,1,5
"613","3628829",2211305.529,1,1,5
"614","3628829",3120696.646,1,1,5
"615","3628829",3130569.538,1,1,5
"616","3628829",3132809.33,1,1,5
"617","3628829",3147665.336,2,1,5
"618","3628829",3159685.297,2,1,5
"619","3628829",3162441.822,2,1,5
"620","3628829",3165370.592,1,1,5
"621","3628829",3168180.233,1,1,5
"622","3628829",4094576,1,1,5
"623","3628829",4103200.405,3,1,5
"624","3628829",4115395.281,2,1,5
"625","3628829",4123489.439,2,1,5
"626","3628829",4134341.294,2,1,5
"627","3628978",2752452.359,2,1,6
"628","3628978",2759319.788,1,1,6
"629","3628978",2764101.388,2,1,6
"630","3628978",2765488.342,1,1,6
"631","3628978",2772633.111,5,1,6
"632","3628978",3441796.594,2,1,6
"633","3628978",3442091.088,4,1,6
"634","3628978",3442329.673,2,1,6
"635","3628978",3442750.611,2,1,6
"636","3628978",3445542.45,2,1,6
"637","3628978",3449022.091,3,1,6
"638","3628978",3449933.851,3,1,6
"639","3628978",3459278.011,1,1,6
"640","3628978",3462420.577,1,1,6
"641","3628978",3469169.228,5,1,6
"642","3628978",3472802.942,4,1,6
"643","3628978",3927532.537,2,1,6
"644","3628978",3930725.126,2,1,6
"645","3628978",3931302.758,4,1,6
"646","3628978",3932859.094,3,1,6
"647","3628978",3935714.917,3,1,6
"648","3628978",3944250.418,2,1,6
"649","3628978",3957374.266,4,1,6
"650","3628978",3959797.051,4,1,6
"651","3628978",3972135.111,1,1,6
"652","3628978",3980445.73,3,1,6
"653","3628978",4199231.125,1,1,6
"654","3628978",4209402.499,2,1,6
"655","3628978",4222719.71,2,1,6
"656","3628978",4225740.89,1,1,6
"657","3628978",4245779.657,6,1,6
"658","3628978",4261992.976,7,1,6
"659","3628978",4265711.16,1,1,6
"660","3628978",4268052.73,1,1,6
"661","3628978",4269643.871,2,1,6
"662","3628978",4269661.679,2,1,6
"663","3628978",4272896.971,1,1,6
"664","3628978",4273451.51,3,1,6
"665","3628978",4341990.311,3,1,6
"666","3628978",4354894.88,2,1,6
"667","3628978",4363460.086,5,1,6
"668","3628978",4365873.058,2,1,6
"669","3628978",4374943.475,3,1,6
"670","3628978",4519779.552,1,1,6
"671","3628978",4526124.117,3,1,6
"672","3628978",4546565.975,1,1,6
"673","3628978",4554731.412,2,1,6
"674","3628978",4594694.909,2,1,6
"675","3628978",4598543.223,4,1,6
"676","3629465",1894254.294,1,1,6
"677","3629465",1896668.553,3,1,6
"678","3629465",1903533.375,2,1,6
"679","3629465",1909241.282,2,1,6
"680","3629465",1913630.194,1,1,6
"681","3629465",1921729.129,2,1,6
"682","3629465",1922693.403,3,1,6
"683","3629465",1923372.111,1,1,6
"684","3629465",1927660.771,4,1,6
"685","3629465",1990632.665,1,1,6
"686","3629465",1990802.991,2,1,6
"687","3629465",1994811.677,1,1,6
"688","3629465",1994884.62,1,1,6
"689","3629465",2000743.396,1,1,6
"690","3629465",2002747.645,2,1,6
"691","3629465",2435757.708,1,1,6
"692","3629465",2442133.658,1,1,6
"693","3629465",2455355.841,1,1,6
"694","3629465",2575312.829,1,1,6
"695","3629465",2576272.912,3,1,6
"696","3629465",2576283.657,1,1,6
"697","3629465",2578235.81,1,1,6
"698","3629465",2600768.027,1,1,6
"699","3629465",2612514.177,1,1,6
"700","3629465",2617389.56,1,1,6
"701","3629465",2685408,1,1,6
"702","3629465",2691064.275,2,1,6
"703","3629465",2699062.226,1,1,6
"704","3629465",2700045.859,0,0,6
"705","3629465",2705866.244,3,1,6
"706","3629465",2711487.877,1,1,6
"707","3629465",2722881.794,1,1,6
"708","3629465",2729477.157,1,1,6
"709","3629465",2738112.354,2,1,6
"710","3629465",2740071.36,1,1,6
"711","3629465",2763578.079,1,1,6
"712","3629525",113576,1,1,6
"713","3629525",1156367.924,1,1,6
"714","3629525",1158642.268,1,1,6
"715","3629525",1169398.691,1,1,6
"716","3629525",1173937.599,1,1,6
"717","3629525",1179504.496,1,1,6
"718","3629525",1184008.659,1,1,6
"719","3629525",1185041.594,2,1,6
"720","3629525",1581809.034,1,1,6
"721","3629525",1584634.205,2,1,6
"722","3629525",1587722.837,1,1,6
"723","3629525",1589385.867,2,1,6
"724","3629525",1597014.172,1,1,6
"725","3629525",1600584.352,2,1,6
"726","3629525",1604719.536,1,1,6
"727","3629525",1646916.996,2,1,6
"728","3629525",1648709.407,3,1,6
"729","3629525",1650434.781,1,1,6
"730","3629525",1655281.943,2,1,6
"731","3629525",1665580.372,3,1,6
"732","3629525",1815463.046,0,0,6
"733","3629525",1851082.123,1,1,6
"734","3629525",1855927.6,1,1,6
"735","3629525",1861815.131,3,1,6
"736","3629525",1862005.285,2,1,6
"737","3629525",1862096.573,2,1,6
"738","3629525",1863610.222,1,1,6
"739","3629525",1863884.086,1,1,6
"740","3629525",1864621.966,1,1,6
"741","3629525",1865975.95,1,1,6
"742","3629525",1866257.391,1,1,6
"743","3629525",1874867.775,2,1,6
"744","3629525",1874875.595,2,1,6
"745","3629525",1876296.263,5,1,6
"746","3629525",1876539.769,1,1,6
"747","3629525",1884208.683,3,1,6
"748","3629525",1890040.84,1,1,6
"749","3629525",1892693.954,2,1,6
"750","3629525",1904656.695,1,1,6
"751","3630145",6542658.374,0,0,1
